title,text
Scientists Confirm Midnight Coffee Cures Common Cold Overnight,"A viral post claims researchers discovered that drinking coffee exactly at midnight eliminates cold symptoms by morning. No study, journal, or research institution is named anywhere in the post."
Man Says He Has Been Talking to Aliens Through His Garden Gnome,"A local man claims his garden gnome has been receiving nightly transmissions from an alien civilization for the past six months. He says the messages predict upcoming lottery numbers, though none have been correct so far."
Bakery Accused of Hiding Mind-Control Chemicals in Bread,"An anonymous social media account alleges that a local bakery secretly adds mind-altering chemicals to its bread to boost customer loyalty. The claim includes no lab results, sourcing, or verifiable evidence."
Doctors Reportedly Banned From Revealing Secret Fruit That Cures Everything,"A widely shared post claims doctors are forbidden from telling patients about a common fruit that supposedly cures dozens of illnesses instantly. The post does not name a single doctor, hospital, or medical body."
Government Secretly Replacing Street Lights With Mind-Reading Devices,A conspiracy blog claims new streetlights installed downtown are secretly reading residents' thoughts and sending the data to unnamed agencies. No technical evidence or credible source is provided to support the claim.
Local Woman Claims Her Cat Predicted Every Lottery Number for a Year,"A viral post claims a woman's cat has correctly predicted lottery numbers for twelve straight months by sitting on specific pieces of paper. No documentation, video, or third-party verification accompanies the claim."
"Miracle Diet Pill Lets You Lose Ten Pounds Overnight, Ad Claims",An online advertisement claims a new diet pill can produce ten pounds of weight loss in a single night with no exercise or diet changes required. The product cites no clinical trials or regulatory approval.
Rumor Claims City Water Supply Secretly Mixed With Sedatives,"A social media rumor alleges that the city has been secretly adding sedatives to the municipal water supply to keep residents calm. No water quality report, agency statement, or lab test is cited anywhere in the claim."
Viral Post Claims Phone Chargers Are Spying Through Walls,"A widely shared post claims ordinary phone chargers can secretly transmit audio through walls to unknown listeners. The claim offers no technical explanation, testing, or credible source."
Blog Claims Moon Landing Footage Was Filmed in Local High School Gym,A blog post claims historic moon landing footage was actually filmed in a small-town high school gymnasium decades ago. The post relies entirely on blurry photo comparisons with no corroborating documentation.
Anonymous Post Claims New Vaccine Turns Skin Permanently Blue,"A social media post falsely claims a newly approved vaccine causes permanent blue skin discoloration in most recipients. No medical journal, health agency, or clinical data supports the claim."
Local Man Says He Grew Six Inches Taller by Sleeping Upside Down,"A man claims he grew six inches in height after sleeping upside down for a month, calling it a natural alternative to surgery. No medical professional or measurement records are cited in the story."
Rumor Spreads That Local Bridge Is Actually Held Up by Magnets,An online rumor claims a well-known local bridge is secretly suspended using powerful hidden magnets rather than conventional engineering. Structural engineers are not quoted or referenced anywhere in the claim.
Post Claims Eating Pizza Crust Backwards Improves Memory,"A viral post claims eating pizza crust in reverse order significantly improves short-term memory within days. The claim cites no scientific study, researcher, or institution."
Chain Message Claims New Streetlights Cause Phones to Explode,"A widely forwarded message claims newly installed LED streetlights are causing nearby phones to overheat and explode. No incident reports, manufacturer statements, or safety data support the claim."
Viral Video Claims Local Lake Turned Into Gelatin Overnight,"A viral video claims a local lake mysteriously turned into gelatin overnight, though the footage shows only murky water from a distance. No environmental agency or eyewitness account corroborates the claim."
Post Claims Wearing Two Watches Doubles Your Productivity,"A productivity blog claims wearing two watches at once doubles a person's daily output by 'syncing brain hemispheres.' No research, expert, or data source is referenced in the article."
Rumor Claims Local Airport Runway Is Actually a Giant Magnet,An online rumor claims the regional airport's main runway secretly functions as a giant magnet to guide planes in bad weather. No aviation authority or engineer is quoted to support the claim.
Blog Claims Houseplants Can Detect Lies Better Than Polygraphs,"A blog post claims ordinary houseplants react visibly when someone tells a lie nearby, suggesting they outperform polygraph machines. No experiment, data, or scientific citation backs up the claim."
Post Claims Local River Changes Color Based on People's Moods,A viral social media post claims a local river changes color depending on the collective mood of nearby residents. The claim includes only a single blurry photo with no scientific explanation.
Rumor Says Free Internet Router Giveaway Requires Bank Password,A scam-style post claims a company is giving away free internet routers but requires users to submit their online banking password to qualify. No legitimate company would request banking credentials for a giveaway.
Viral Claim Says Local Statue Winks at Midnight Every Full Moon,A viral post claims a bronze statue in the town square visibly winks at exactly midnight during every full moon. The only evidence offered is a shaky video with no clear detail.
Post Claims Local School Secretly Teaches Students to Read Minds,"A rumor circulating online claims a local school has a secret after-hours program teaching students telepathy. No school official, parent, or documentation supports the claim."
Chain Email Claims Certain Phone Cases Block All Forms of Radiation Instantly,"A chain email claims a specific brand of phone case can instantly block all forms of radiation exposure. No testing lab, certification body, or scientific data is cited to support the claim."
Rumor Claims Town Clock Tower Runs on Hidden Perpetual Motion Machine,"An online rumor claims the town's historic clock tower is powered by a hidden perpetual motion machine that defies known physics. No engineer, historian, or maintenance record supports the claim."
